SLEVA 44 % NA PRODUKTY OZNAČENÉ ŠTÍTKEM O třetinu levnější;07.06.2026;7CERVE44F
SLEVA 35 % NA PRODUKTY OZNAČENÉ ŠTÍTKEM Novinka;06.06.2026;6CERVNOVF
SLEVA 200 KČ NA VŠE SKLADEM PŘI NÁKUPU NAD 500 KČ;05.06.2026;5CERV200F
OBŘÍ SLEVA 73 % NA PRODUKTY OZNAČENÉ ŠTÍTKEM Megavýprodej;04.06.2026;4CERMEGAF
SLEVA 30 % NA VŠE SKLADEM;03.06.2026;3CERVE30F
SLEVA 300 KČ NA VŠE SKLADEM PŘI NÁKUPU NAD 700 KČ;02.06.2026;2CERV300F
PRODUKT TÝDNE;Datum nenalezeno;
SLEVA 35 % NA PRODUKTY OZNAČENÉ ŠTÍTKEM First minute;01.06.2026;DENDETIF
OBŘÍ SLEVA 62 % NA PRODUKTY OZNAČENÉ ŠTÍTKEM Megavýprodej;31.05.2026;31KVEMEGAF
SLEVA 35 % NA PRODUKTY OZNAČENÉ ŠTÍTKEM Novinka;30.05.2026;30KVENOVF
SLEVA 200 KČ NA VŠE SKLADEM PŘI NÁKUPU NAD 500 KČ;29.05.2026;29KVE200F
SLEVA 30 % NA VŠE SKLADEM;28.05.2026;28KVET30F
OBŘÍ SLEVA 73 % NA PRODUKTY OZNAČENÉ ŠTÍTKEM Megavýprodej;27.05.2026;27KVEMEGAF
SLEVA 50 % NA PRODUKTY OZNAČENÉ ŠTÍTKEM Skoro za polovic;26.05.2026;26KVET50F
SLEVA 35 % NA PRODUKTY OZNAČENÉ ŠTÍTKEM First minute;25.05.2026;25KVETFMF
SLEVA 44 % NA PRODUKTY OZNAČENÉ ŠTÍTKEM O třetinu levnější;24.05.2026;24KVET44F
OBŘÍ SLEVA 62 % NA PRODUKTY OZNAČENÉ ŠTÍTKEM Megavýprodej;23.05.2026;23KVEMEGAF
SLEVA 35 % NA PRODUKTY OZNAČENÉ ŠTÍTKEM Novinka;22.05.2026;22KVENOVF
SLEVA 300 KČ NA VŠE SKLADEM PŘI NÁKUPU NAD 700 KČ;21.05.2026;21KVE300F
OBŘÍ SLEVA 73 % NA PRODUKTY OZNAČENÉ ŠTÍTKEM Megavýprodej;20.05.2026;20KVTMEGAF
SLEVA 30 % NA VŠE SKLADEM;19.05.2026;19KVET30F
SLEVA 35 % NA PRODUKTY OZNAČENÉ ŠTÍTKEM First minute;18.05.2026;18KVEFMF
OBŘÍ SLEVA 62 % NA PRODUKTY OZNAČENÉ ŠTÍTKEM Megavýprodej;17.05.2026;17KVEMEGAF
SLEVA 35 % NA PRODUKTY OZNAČENÉ ŠTÍTKEM Novinka;16.05.2026;16KVENOVF
SLEVA 50 % NA PRODUKTY OZNAČENÉ ŠTÍTKEM Skoro za polovic;15.05.2026;15KVET50F
OBŘÍ SLEVA 73 % NA PRODUKTY OZNAČENÉ ŠTÍTKEM Megavýprodej;14.05.2026;14KVTMEGAF
SLEVA 30 % NA VŠE SKLADEM;13.05.2026;13KVTN30F
SLEVA 35 % NA PRODUKTY OZNAČENÉ ŠTÍTKEM First minute;12.05.2026;12KVEFMF
OBŘÍ SLEVA 62 % NA PRODUKTY OZNAČENÉ ŠTÍTKEM Megavýprodej;11.05.2026;11KVEMEGAF
SLEVA 44 % NA PRODUKTY OZNAČENÉ ŠTÍTKEM O třetinu levnější;10.05.2026;10KVET44F
SLEVA 35 % NA PRODUKTY OZNAČENÉ ŠTÍTKEM Novinka;09.05.2026;9KVETNOVF
OBŘÍ SLEVA 73 % NA PRODUKTY OZNAČENÉ ŠTÍTKEM Megavýprodej;08.05.2026;8KVTMEGAF
SLEVA 200 KČ NA VŠE SKLADEM PŘI NÁKUPU NAD 500 KČ;07.05.2026;7KVE200F
SLEVA 30 % NA VŠE SKLADEM;06.05.2026;6KVET30F
OBŘÍ SLEVA 62 % NA PRODUKTY OZNAČENÉ ŠTÍTKEM Megavýprodej;05.05.2026;5KVEMEGAF
SLEVA 35 % NA PRODUKTY OZNAČENÉ ŠTÍTKEM First minute;04.05.2026;4KVETFMF
SLEVA 50 % NA PRODUKTY OZNAČENÉ ŠTÍTKEM Skoro za polovic;03.05.2026;3KVTN50F
OBŘÍ SLEVA 73 % NA PRODUKTY OZNAČENÉ ŠTÍTKEM Megavýprodej;02.05.2026;2KVTMEGAF
SLEVA 35 % NA PRODUKTY OZNAČENÉ ŠTÍTKEM Novinka;01.05.2026;1MAJNOVF
SLEVA 44 % NA PRODUKTY OZNAČENÉ ŠTÍTKEM O třetinu levnější;30.04.2026;CARODKYF
OBŘÍ SLEVA 62 % NA PRODUKTY OZNAČENÉ ŠTÍTKEM Megavýprodej;29.04.2026;29DUBMEGAF
SLEVA 30 % NA VŠE SKLADEM;28.04.2026;28DUBE30F
SLEVA 35 % NA PRODUKTY OZNAČENÉ ŠTÍTKEM First minute;27.04.2026;27DUBFMF
OBŘÍ SLEVA 73 % NA PRODUKTY OZNAČENÉ ŠTÍTKEM Megavýprodej;26.04.2026;26DUBEMEGAF
SLEVA 35 % NA PRODUKTY OZNAČENÉ ŠTÍTKEM Novinka;25.04.2026;25DUBNOVF
SLEVA 200 KČ NA VŠE SKLADEM PŘI NÁKUPU NAD 500 KČ;24.04.2026;24DUB200F
OBŘÍ SLEVA 62 % NA PRODUKTY OZNAČENÉ ŠTÍTKEM Megavýprodej;23.04.2026;23DUBMEGAF
SLEVA 30 % NA VŠE SKLADEM;22.04.2026;DENZEMEF
SLEVA 50 % NA PRODUKTY OZNAČENÉ ŠTÍTKEM Skoro za polovic;21.04.2026;21DUB50F
OBŘÍ SLEVA 73 % NA PRODUKTY OZNAČENÉ ŠTÍTKEM Megavýprodej;20.04.2026;20DUBMEGAF
SLEVA 35 % NA PRODUKTY OZNAČENÉ ŠTÍTKEM First minute;19.04.2026;19DUBFMF
SLEVA 44 % NA PRODUKTY OZNAČENÉ ŠTÍTKEM O třetinu levnější;18.04.2026;18DUBE44F
SLEVA 30 % NA VŠE SKLADEM;15.04.2026;15DUBEN30F
OBŘÍ SLEVA 62 % NA PRODUKTY OZNAČENÉ ŠTÍTKEM Megavýprodej;17.04.2026;17DUBMEGAF
SLEVA 35 % NA PRODUKTY OZNAČENÉ ŠTÍTKEM Novinka;16.04.2026;16DUBENOVF
OBŘÍ SLEVA 73 % NA PRODUKTY OZNAČENÉ ŠTÍTKEM Megavýprodej;14.04.2026;14DUBMEGAF
SLEVA 35 % NA PRODUKTY OZNAČENÉ ŠTÍTKEM First minute;13.04.2026;13DUBEFMF
SLEVA 44 % NA PRODUKTY OZNAČENÉ ŠTÍTKEM O třetinu levnější;12.04.2026;12DUBE44F
OBŘÍ SLEVA 62 % NA PRODUKTY OZNAČENÉ ŠTÍTKEM Megavýprodej;11.04.2026;11DUBMEGAF
SLEVA 35 % NA PRODUKTY OZNAČENÉ ŠTÍTKEM Novinka;10.04.2026;10DUBNOVF
SLEVA 50 % NA PRODUKTY OZNAČENÉ ŠTÍTKEM Skoro za polovic;09.04.2026;9DUBE50F
OBŘÍ SLEVA 73 % NA PRODUKTY OZNAČENÉ ŠTÍTKEM Megavýprodej;08.04.2026;8DUBEMEGAF
SLEVA 35 % NA PRODUKTY OZNAČENÉ ŠTÍTKEM First minute;06.04.2026;6DUBENFMF
SLEVA 30 % NA VŠE SKLADEM;07.04.2026;7DUBEN30F
OBŘÍ SLEVA 62 % NA PRODUKTY OZNAČENÉ ŠTÍTKEM Megavýprodej;05.04.2026;5DUBMEGAF
SLEVA 44 % NA PRODUKTY OZNAČENÉ ŠTÍTKEM O třetinu levnější;04.04.2026;4DUBEN44F
SLEVA 35 % NA PRODUKTY OZNAČENÉ ŠTÍTKEM Novinka;03.04.2026;3DUBNOVF
OBŘÍ SLEVA 73 % NA PRODUKTY OZNAČENÉ ŠTÍTKEM Megavýprodej;02.04.2026;2DUBMEGAF
SLEVA 1 % NA VŠE SKLADEM?;01.04.2026;33NAVSEF
SLEVA 35 % NA PRODUKTY OZNAČENÉ ŠTÍTKEM First minute;31.03.2026;31BREZFMF
OBŘÍ SLEVA 62 % NA PRODUKTY OZNAČENÉ ŠTÍTKEM Megavýprodej;30.03.2026;30BREMEGAF
SLEVA 44 % NA PRODUKTY OZNAČENÉ ŠTÍTKEM O třetinu levnější;29.03.2026;29BREZ44F
SLEVA 35 % NA PRODUKTY OZNAČENÉ ŠTÍTKEM Novinka;28.03.2026;DENUCITELUF
OBŘÍ SLEVA 73 % NA PRODUKTY OZNAČENÉ ŠTÍTKEM Megavýprodej;27.03.2026;27BREZMEGAF
SLEVA 35 % NA PRODUKTY OZNAČENÉ ŠTÍTKEM First minute;26.03.2026;26BREFMF
SLEVA 30 % NA VŠE SKLADEM;25.03.2026;25BREZ30F
OBŘÍ SLEVA 62 % NA PRODUKTY OZNAČENÉ ŠTÍTKEM Megavýprodej;24.03.2026;24BREMEGAF
SLEVA 44 % NA PRODUKTY OZNAČENÉ ŠTÍTKEM O třetinu levnější;23.03.2026;23BREZ44F
SLEVA 35 % NA PRODUKTY OZNAČENÉ ŠTÍTKEM Novinka;22.03.2026;22BREZNOVF
OBŘÍ SLEVA 73 % NA PRODUKTY OZNAČENÉ ŠTÍTKEM Megavýprodej;21.03.2026;21BREMEGAF
SLEVA 35 % NA PRODUKTY OZNAČENÉ ŠTÍTKEM First minute;20.03.2026;JAROFMF
OBŘÍ SLEVA 62 % NA PRODUKTY OZNAČENÉ ŠTÍTKEM Megavýprodej;19.03.2026;19BREMEGAF
SLEVA 30 % NA VŠE SKLADEM;18.03.2026;18BREZ30F
OBŘÍ SLEVA 73 % NA PRODUKTY OZNAČENÉ ŠTÍTKEM Megavýprodej;17.03.2026;PATRIKMEGAF
SLEVA 44 % NA PRODUKTY OZNAČENÉ ŠTÍTKEM O třetinu levnější;16.03.2026;16BREZ44F
OBŘÍ SLEVA 62 % NA PRODUKTY OZNAČENÉ ŠTÍTKEM Megavýprodej;15.03.2026;15BREMEGAF
SLEVA 35 % NA PRODUKTY OZNAČENÉ ŠTÍTKEM Novinka;14.03.2026;14BREZNOVF
OBŘÍ SLEVA 73 % NA PRODUKTY OZNAČENÉ ŠTÍTKEM Megavýprodej;13.03.2026;PAT13MEGAF
SLEVA 35 % NA PRODUKTY OZNAČENÉ ŠTÍTKEM First minute;12.03.2026;12BREZFMF
OBŘÍ SLEVA 62 % NA PRODUKTY OZNAČENÉ ŠTÍTKEM Megavýprodej;11.03.2026;11BREZMEGAF
SLEVA 30 % NA VŠE SKLADEM;10.03.2026;10BREZ30F
OBŘÍ SLEVA 73 % NA PRODUKTY OZNAČENÉ ŠTÍTKEM Megavýprodej;09.03.2026;9BREZMEGAF
SLEVA 35 % NA PRODUKTY OZNAČENÉ ŠTÍTKEM Novinka;08.03.2026;MDZNOVF
OBŘÍ SLEVA 62 % NA PRODUKTY OZNAČENÉ ŠTÍTKEM Megavýprodej;07.03.2026;7BREMEGAF
SLEVA 35 % NA PRODUKTY OZNAČENÉ ŠTÍTKEM First minute;06.03.2026;6BREFMF
OBŘÍ SLEVA 73 % NA PRODUKTY OZNAČENÉ ŠTÍTKEM Megavýprodej;05.03.2026;5BREMEGAF
SLEVA 30 % NA VŠE SKLADEM;04.03.2026;4BREZ30F
OBŘÍ SLEVA 62 % NA PRODUKTY OZNAČENÉ ŠTÍTKEM Megavýprodej;03.03.2026;3BREMEGAF
SLEVA 44 % NA PRODUKTY OZNAČENÉ ŠTÍTKEM O třetinu levnější;02.03.2026;2BREZ44F
OBŘÍ SLEVA 73 % NA PRODUKTY OZNAČENÉ ŠTÍTKEM Megavýprodej;01.03.2026;1BREMEGAF
SLEVA 35 % NA PRODUKTY OZNAČENÉ ŠTÍTKEM Novinka;28.02.2026;28UNNOVF
OBŘÍ SLEVA 62 % NA PRODUKTY OZNAČENÉ ŠTÍTKEM Megavýprodej;27.02.2026;27UNOMEGAF
SLEVA 35 % NA PRODUKTY OZNAČENÉ ŠTÍTKEM First minute;26.02.2026;26UNOFMF
OBŘÍ SLEVA 73 % NA PRODUKTY OZNAČENÉ ŠTÍTKEM Megavýprodej;25.02.2026;25UNOMEGAF
SLEVA 30 % NA VŠE SKLADEM;24.02.2026;24UNOR30F
OBŘÍ SLEVA 62 % NA PRODUKTY OZNAČENÉ ŠTÍTKEM Megavýprodej;23.02.2026;23UNOMEGAF
SLEVA 35 % NA PRODUKTY OZNAČENÉ ŠTÍTKEM Novinka;22.02.2026;22UNNOVF
OBŘÍ SLEVA 62 % NA PRODUKTY OZNAČENÉ ŠTÍTKEM Megavýprodej;19.02.2026;19UNOMEGAF
OBŘÍ SLEVA 73 % NA PRODUKTY OZNAČENÉ ŠTÍTKEM Megavýprodej;21.02.2026;21UNOMEGAF
SLEVA 35 % NA PRODUKTY OZNAČENÉ ŠTÍTKEM First minute;20.02.2026;20UNOFMF
SLEVA 30 % NA VŠE SKLADEM;18.02.2026;18UNO30F
OBŘÍ SLEVA 73 % NA PRODUKTY OZNAČENÉ ŠTÍTKEM Megavýprodej;17.02.2026;17UNOMEGAF
SLEVA 44 % NA PRODUKTY OZNAČENÉ ŠTÍTKEM O třetinu levnější;16.02.2026;16UNO44F
OBŘÍ SLEVA 62 % NA PRODUKTY OZNAČENÉ ŠTÍTKEM Megavýprodej;15.02.2026;15UNOMEGAF
SLEVA 35 % NA PRODUKTY OZNAČENÉ ŠTÍTKEM Novinka;14.02.2026;VALENTYNF
OBŘÍ SLEVA 73 % NA PRODUKTY OZNAČENÉ ŠTÍTKEM Megavýprodej;13.02.2026;13UNOMEGAF
SLEVA 35 % NA PRODUKTY OZNAČENÉ ŠTÍTKEM First minute;12.02.2026;12UNOFMF
OBŘÍ SLEVA 62 % NA PRODUKTY OZNAČENÉ ŠTÍTKEM Megavýprodej;11.02.2026;11UNOMEGAF
SLEVA 30 % NA VŠE SKLADEM;10.02.2026;10UNOR30F
OBŘÍ SLEVA 73 % NA PRODUKTY OZNAČENÉ ŠTÍTKEM Megavýprodej;09.02.2026;9UNOMEGAF
OBŘÍ SLEVA 62 % NA PRODUKTY OZNAČENÉ ŠTÍTKEM Megavýprodej;07.02.2026;7UNMEGAF
SLEVA 35 % NA PRODUKTY OZNAČENÉ ŠTÍTKEM Novinka;08.02.2026;8UNONOVF
SLEVA 35 % NA PRODUKTY OZNAČENÉ ŠTÍTKEM First minute;06.02.2026;6UNORFMF
OBŘÍ SLEVA 73 % NA PRODUKTY OZNAČENÉ ŠTÍTKEM Megavýprodej;05.02.2026;5UNMEGAF
SLEVA 30 % NA VŠE SKLADEM;04.02.2026;4UNOR30F
OBŘÍ SLEVA 62 % NA PRODUKTY OZNAČENÉ ŠTÍTKEM Megavýprodej;03.02.2026;3UNMEGAF
SLEVA 44 % NA PRODUKTY OZNAČENÉ ŠTÍTKEM O třetinu levnější;02.02.2026;2UNOR44F
OBŘÍ SLEVA 73 % NA PRODUKTY OZNAČENÉ ŠTÍTKEM Megavýprodej;01.02.2026;1UNOMEGAF
SLEVA 35 % NA PRODUKTY OZNAČENÉ ŠTÍTKEM Novinka;31.01.2026;31LEDNOVF
OBŘÍ SLEVA 73 % NA PRODUKTY OZNAČENÉ ŠTÍTKEM Megavýprodej;28.01.2026;28LEDMEGAF
OBŘÍ SLEVA 62 % NA PRODUKTY OZNAČENÉ ŠTÍTKEM Megavýprodej;30.01.2026;30LEDMEGAF
SLEVA 35 % NA PRODUKTY OZNAČENÉ ŠTÍTKEM First minute;29.01.2026;29LEDFMF
SLEVA 30 % NA VŠE SKLADEM;27.01.2026;27LEDEN30F
OBŘÍ SLEVA 62 % NA PRODUKTY OZNAČENÉ ŠTÍTKEM Megavýprodej;26.01.2026;26LEDMEGAF
SLEVA 35 % NA PRODUKTY OZNAČENÉ ŠTÍTKEM Novinka;25.01.2026;25LEDENOVF
OBŘÍ SLEVA 73 % NA PRODUKTY OZNAČENÉ ŠTÍTKEM Megavýprodej;24.01.2026;24LEDMEGAF
SLEVA 35 % NA PRODUKTY OZNAČENÉ ŠTÍTKEM First minute;23.01.2026;23LEDFMF
OBŘÍ SLEVA 62 % NA PRODUKTY OZNAČENÉ ŠTÍTKEM Megavýprodej;22.01.2026;22LEDMEGAF
SLEVA 30 % NA VŠE SKLADEM;21.01.2026;21LED30F
OBŘÍ SLEVA 73 % NA PRODUKTY OZNAČENÉ ŠTÍTKEM Megavýprodej;20.01.2026;20LEDMEGAF
SLEVA 44 % NA PRODUKTY OZNAČENÉ ŠTÍTKEM O třetinu levnější;19.01.2026;19LED44F
OBŘÍ SLEVA 62 % NA PRODUKTY OZNAČENÉ ŠTÍTKEM Megavýprodej;18.01.2026;18LEDMEGAF
SLEVA 35 % NA PRODUKTY OZNAČENÉ ŠTÍTKEM Novinka;17.01.2026;17LEDENOVF
OBŘÍ SLEVA 73 % NA PRODUKTY OZNAČENÉ ŠTÍTKEM Megavýprodej;16.01.2026;16LEDMEGAF
SLEVA 35 % NA PRODUKTY OZNAČENÉ ŠTÍTKEM First minute;15.01.2026;15LEDFMF
OBŘÍ SLEVA 62 % NA PRODUKTY OZNAČENÉ ŠTÍTKEM Megavýprodej;14.01.2026;14LEDMEGAF
SLEVA 30 % NA VŠE SKLADEM;13.01.2026;13LED30F
OBŘÍ SLEVA 73 % NA PRODUKTY OZNAČENÉ ŠTÍTKEM Megavýprodej;12.01.2026;12LEDMEGAF
SLEVA 35 % NA PRODUKTY OZNAČENÉ ŠTÍTKEM Novinka;11.01.2026;11LEDENOVF
OBŘÍ SLEVA 62 % NA PRODUKTY OZNAČENÉ ŠTÍTKEM Megavýprodej;10.01.2026;10LEDMEGAF
SLEVA 35 % NA PRODUKTY OZNAČENÉ ŠTÍTKEM First minute;09.01.2026;9LEDFMF
OBŘÍ SLEVA 73 % NA PRODUKTY OZNAČENÉ ŠTÍTKEM Megavýprodej;08.01.2026;8LEDMEGAF
SLEVA 30 % NA VŠE SKLADEM;07.01.2026;7LEDEN30F
OBŘÍ SLEVA 62 % NA PRODUKTY OZNAČENÉ ŠTÍTKEM Megavýprodej;06.01.2026;3KRALMEGAF
SLEVA 44 % NA PRODUKTY OZNAČENÉ ŠTÍTKEM O třetinu levnější;05.01.2026;5LEDN44F
OBŘÍ SLEVA 73 % NA PRODUKTY OZNAČENÉ ŠTÍTKEM Megavýprodej;04.01.2026;4LEDMEGAF
SLEVA 35 % NA PRODUKTY OZNAČENÉ ŠTÍTKEM Novinka;03.01.2026;3LEDNOVF
OBŘÍ SLEVA 62 % NA PRODUKTY OZNAČENÉ ŠTÍTKEM Megavýprodej;02.01.2026;2LEDMEGAF
SLEVA 35 % NA PRODUKTY OZNAČENÉ ŠTÍTKEM First minute;01.01.2026;NOVYROKFMF
OBŘÍ SLEVA 73 % NA PRODUKTY OZNAČENÉ ŠTÍTKEM Megavýprodej;31.12.2025;SILVESMEGAF
SLEVA 30 % NA VŠE SKLADEM;30.12.2025;30PROS30F
OBŘÍ SLEVA 62 % NA PRODUKTY OZNAČENÉ ŠTÍTKEM Megavýprodej;29.12.2025;29PROMEGAF
OBŘÍ SLEVA 73 % NA PRODUKTY OZNAČENÉ ŠTÍTKEM Megavýprodej;27.12.2025;27PROMEGAF
SLEVA 35 % NA PRODUKTY OZNAČENÉ ŠTÍTKEM Novinka;28.12.2025;28PROSNOVF
SLEVA 35 % NA PRODUKTY OZNAČENÉ ŠTÍTKEM First minute;26.12.2025;26PROSFMF
OBŘÍ SLEVA 62 % NA PRODUKTY OZNAČENÉ ŠTÍTKEM Megavýprodej;25.12.2025;VANOCMEGAF
SLEVA 35 % NA PRODUKTY OZNAČENÉ ŠTÍTKEM Novinka;24.12.2025;JEZISEKNOVF
OBŘÍ SLEVA 73 % NA PRODUKTY OZNAČENÉ ŠTÍTKEM Megavýprodej;23.12.2025;23PRMEGAF
SLEVA 44 % NA PRODUKTY OZNAČENÉ ŠTÍTKEM O třetinu levnější;22.12.2025;22PROS44F
OBŘÍ SLEVA 62 % NA PRODUKTY OZNAČENÉ ŠTÍTKEM Megavýprodej;21.12.2025;21PROMEGAF
SLEVA 30 % NA VŠE SKLADEM;20.12.2025;20PROS30F
OBŘÍ SLEVA 73 % NA PRODUKTY OZNAČENÉ ŠTÍTKEM Megavýprodej;19.12.2025;19PRMEGAF
SLEVA 35 % NA PRODUKTY OZNAČENÉ ŠTÍTKEM First minute;18.12.2025;18PROFMF
OBŘÍ SLEVA 62 % NA PRODUKTY OZNAČENÉ ŠTÍTKEM Megavýprodej;17.12.2025;17PROMEGAF
MEGA AKCE:;;
SLEVA 40 % NA VŠE SKLADEM;16.12.2025;16PROFMF
OBŘÍ SLEVA 73 % NA PRODUKTY OZNAČENÉ ŠTÍTKEM Megavýprodej;15.12.2025;15PROMEGAF
SLEVA 35 % NA PRODUKTY OZNAČENÉ ŠTÍTKEM Novinka;14.12.2025;14PRONOVF
OBŘÍ SLEVA 62 % NA PRODUKTY OZNAČENÉ ŠTÍTKEM Megavýprodej;13.12.2025;13PROMEGAF
SLEVA 35 % NA PRODUKTY OZNAČENÉ ŠTÍTKEM First minute;12.12.2025;12PROSFMF
OBŘÍ SLEVA 73 % NA PRODUKTY OZNAČENÉ ŠTÍTKEM Megavýprodej;11.12.2025;11PROMEGAF
SLEVA 30 % NA VŠE SKLADEM;10.12.2025;10PROS30F
OBŘÍ SLEVA 62 % NA PRODUKTY OZNAČENÉ ŠTÍTKEM Megavýprodej;09.12.2025;9PROSMEGAF
SLEVA 44 % NA PRODUKTY OZNAČENÉ ŠTÍTKEM O třetinu levnější;08.12.2025;8PROS44F
OBŘÍ SLEVA 62 % NA PRODUKTY OZNAČENÉ ŠTÍTKEM Megavýprodej;05.12.2025;ANDELMEGAF
OBŘÍ SLEVA 73 % NA PRODUKTY OZNAČENÉ ŠTÍTKEM Megavýprodej;07.12.2025;7PROMEGAF
SLEVA 35 % NA PRODUKTY OZNAČENÉ ŠTÍTKEM Novinka;06.12.2025;MIKULNOVF
SLEVA 30 % NA VŠE SKLADEM;04.12.2025;4PROS30F
OBŘÍ SLEVA 44 % NA PRODUKTY OZNAČENÉ ŠTÍTKEM Megavýprodej;03.12.2025;3PROMEGAF
SLEVA 35 % NA PRODUKTY OZNAČENÉ ŠTÍTKEM First minute;02.12.2025;2PROSFMF
OBŘÍ SLEVA 73 % NA PRODUKTY OZNAČENÉ ŠTÍTKEM Megavýprodej;01.12.2025;1PROMEGAF
MEGA AKCE - BLACK FRIDAY - POSLEDNÍ ŠANCE:;;
SLEVA 40 % NA VŠE SKLADEM;30.11.2025;BLACKFRI40F
MEGA AKCE - BLACK FRIDAY - PRODLUŽUJI:;;
SLEVA 40 % NA VŠE SKLADEM;29.11.2025;BLACKFRI40F
MEGA AKCE - BLACK FRIDAY:;;
SLEVA 40 % NA VŠE SKLADEM;28.11.2025;BLACKFRI40F
OBŘÍ SLEVA 62 % NA PRODUKTY OZNAČENÉ ŠTÍTKEM Megavýprodej;27.11.2025;27LISMEGAF
SLEVA 30 % NA VŠE SKLADEM;26.11.2025;26LIST30F
OBŘÍ SLEVA 44 % NA PRODUKTY OZNAČENÉ ŠTÍTKEM Megavýprodej;25.11.2025;25LISMEGAF
SLEVA 44 % NA PRODUKTY OZNAČENÉ ŠTÍTKEM O třetinu levnější;24.11.2025;24LIST44F
OBŘÍ SLEVA 73 % NA PRODUKTY OZNAČENÉ ŠTÍTKEM Megavýprodej;23.11.2025;23LISMEGAF
SLEVA 35 % NA PRODUKTY OZNAČENÉ ŠTÍTKEM Novinka;22.11.2025;22LISNOVF
OBŘÍ SLEVA 62 % NA PRODUKTY OZNAČENÉ ŠTÍTKEM Megavýprodej;21.11.2025;21LISMEGAF
SLEVA 30 % NA VŠE SKLADEM;20.11.2025;20LIST30F
OBŘÍ SLEVA 73 % NA PRODUKTY OZNAČENÉ ŠTÍTKEM Megavýprodej;19.11.2025;19LISMEGAF
SLEVA 35 % NA PRODUKTY OZNAČENÉ ŠTÍTKEM First minute;18.11.2025;18LISTFMF
OBŘÍ SLEVA 62 % NA PRODUKTY OZNAČENÉ ŠTÍTKEM Megavýprodej;17.11.2025;SAMETMEGAF
SLEVA 35 % NA PRODUKTY OZNAČENÉ ŠTÍTKEM Novinka;16.11.2025;16LISNOVF
OBŘÍ SLEVA 73 % NA PRODUKTY OZNAČENÉ ŠTÍTKEM Megavýprodej;15.11.2025;15LISMEGAF
SLEVA 35 % NA PRODUKTY OZNAČENÉ ŠTÍTKEM First minute;14.11.2025;14LISTFMF
OBŘÍ SLEVA 62 % NA PRODUKTY OZNAČENÉ ŠTÍTKEM Megavýprodej;13.11.2025;13LISMEGAF
SLEVA 30 % NA VŠE SKLADEM;12.11.2025;12LIST30F
OBŘÍ SLEVA 73 % NA PRODUKTY OZNAČENÉ ŠTÍTKEM Megavýprodej;11.11.2025;MARTMEGAF
SLEVA 44 % NA PRODUKTY OZNAČENÉ ŠTÍTKEM O třetinu levnější;10.11.2025;10LIS44F
OBŘÍ SLEVA 62 % NA PRODUKTY OZNAČENÉ ŠTÍTKEM Megavýprodej;09.11.2025;9LISMEGAF
SLEVA 35 % NA PRODUKTY OZNAČENÉ ŠTÍTKEM Novinka;08.11.2025;8LISNOVF
OBŘÍ SLEVA 73 % NA PRODUKTY OZNAČENÉ ŠTÍTKEM Megavýprodej;07.11.2025;7LISMEGAF
OBŘÍ SLEVA 62 % NA PRODUKTY OZNAČENÉ ŠTÍTKEM Megavýprodej;05.11.2025;5LISMEGAF
MEGA AKCE – KAREL SLAVÍ SVÁTEK:;;
SLEVA 35 % NA VŠE SKLADEM;04.11.2025;KAREL35F
SLEVA 35 % NA PRODUKTY OZNAČENÉ ŠTÍTKEM Novinka;02.11.2025;DUSICNOVF
SLEVA 35 % NA PRODUKTY OZNAČENÉ ŠTÍTKEM First minute;06.11.2025;6LISTFMF
OBŘÍ SLEVA 73 % NA PRODUKTY OZNAČENÉ ŠTÍTKEM Megavýprodej;03.11.2025;3LISMEGAF
OBŘÍ SLEVA 62 % NA PRODUKTY OZNAČENÉ ŠTÍTKEM Megavýprodej;01.11.2025;SVATIMEGAF
SLEVA 35 % NA PRODUKTY OZNAČENÉ ŠTÍTKEM First minute;31.10.2025;HALLOWEENF
OBŘÍ SLEVA 73 % NA PRODUKTY OZNAČENÉ ŠTÍTKEM Megavýprodej;30.10.2025;30RIJMEGAF
SLEVA 30 % NA VŠE SKLADEM;29.10.2025;29RIJE30F
OBŘÍ SLEVA 62 % NA PRODUKTY OZNAČENÉ ŠTÍTKEM Megavýprodej;28.10.2025;28RIJMEGAF
SLEVA 44 % NA PRODUKTY OZNAČENÉ ŠTÍTKEM O třetinu levnější;27.10.2025;27RIJ44F
OBŘÍ SLEVA 73 % NA PRODUKTY OZNAČENÉ ŠTÍTKEM Megavýprodej;26.10.2025;26RIJMEGAF
SLEVA 35 % NA PRODUKTY OZNAČENÉ ŠTÍTKEM Novinka;25.10.2025;25RIJNOVF
SLEVA 30 % NA VŠE SKLADEM;23.10.2025;23RIJE30F
OBŘÍ SLEVA 62 % NA PRODUKTY OZNAČENÉ ŠTÍTKEM Megavýprodej;24.10.2025;24RIMEGAF
OBŘÍ SLEVA 73 % NA PRODUKTY OZNAČENÉ ŠTÍTKEM Megavýprodej;22.10.2025;22RIMEGAF
SLEVA 35 % NA PRODUKTY OZNAČENÉ ŠTÍTKEM First minute;21.10.2025;21RIJFMF
OBŘÍ SLEVA 62 % NA PRODUKTY OZNAČENÉ ŠTÍTKEM Megavýprodej;20.10.2025;20RIJMEGAF
SLEVA 30 % NA VŠE SKLADEM;14.10.2025;14RIJE30F
OBŘÍ SLEVA 73 % NA PRODUKTY OZNAČENÉ ŠTÍTKEM Megavýprodej;13.10.2025;13RIJMEGAF
SLEVA 35 % NA PRODUKTY OZNAČENÉ ŠTÍTKEM First minute;12.10.2025;12RIJFMF
OBŘÍ SLEVA 62 % NA PRODUKTY OZNAČENÉ ŠTÍTKEM Megavýprodej;11.10.2025;11RIJMEGAF
SLEVA 44 % NA PRODUKTY OZNAČENÉ ŠTÍTKEM O třetinu levnější;10.10.2025;10RIJE44F
OBŘÍ SLEVA 73 % NA PRODUKTY OZNAČENÉ ŠTÍTKEM Megavýprodej;09.10.2025;9RIJEMEGAF
SLEVA 30 % NA VŠE SKLADEM;08.10.2025;8RIJEN30F
OBŘÍ SLEVA 62 % NA PRODUKTY OZNAČENÉ ŠTÍTKEM Megavýprodej;07.10.2025;7RIJEMEGAF
SLEVA 35 % NA PRODUKTY OZNAČENÉ ŠTÍTKEM First minute;06.10.2025;6RIJEFMF
OBŘÍ SLEVA 73 % NA PRODUKTY OZNAČENÉ ŠTÍTKEM Megavýprodej;05.10.2025;5RIJEMEGAF
SLEVA 35 % NA PRODUKTY OZNAČENÉ ŠTÍTKEM Novinka;04.10.2025;4RIJNOVF
OBŘÍ SLEVA 62 % NA PRODUKTY OZNAČENÉ ŠTÍTKEM Megavýprodej;03.10.2025;3RIJMEGAF
MEGA AKCE – POSLEDNÍ ŠANCE: SLEVA 40 % NA VŠE SKLADEM;02.10.2025;STEHOVANIF
MEGA AKCE – PRODLUŽUJI: SLEVA 40 % NA VŠE SKLADEM;01.10.2025;STEHOVANIF
MEGA AKCE: SLEVA 40 % NA VŠE SKLADEM;30.09.2025;STEHOVANIF
OBŘÍ SLEVA 73 % NA PRODUKTY OZNAČENÉ ŠTÍTKEM Megavýprodej;29.09.2025;29ZARMEGAF
SLEVA 35 % NA PRODUKTY OZNAČENÉ ŠTÍTKEM First minute;28.09.2025;28ZARFMF
OBŘÍ SLEVA 62 % NA PRODUKTY OZNAČENÉ ŠTÍTKEM Megavýprodej;27.09.2025;27ZARMEGAF
SLEVA 44 % NA PRODUKTY OZNAČENÉ ŠTÍTKEM O třetinu levnější;26.09.2025;26ZAR44F
OBŘÍ SLEVA 73 % NA PRODUKTY OZNAČENÉ ŠTÍTKEM Megavýprodej;25.09.2025;25ZARMEGAF
SLEVA 30 % NA VŠE SKLADEM;24.09.2025;24ZARI30F
OBŘÍ SLEVA 62 % NA PRODUKTY OZNAČENÉ ŠTÍTKEM Megavýprodej;23.09.2025;23ZARMEGAF
SLEVA 35 % NA PRODUKTY OZNAČENÉ ŠTÍTKEM Novinka;22.09.2025;22ZARNOVF
OBŘÍ SLEVA 73 % NA PRODUKTY OZNAČENÉ ŠTÍTKEM Megavýprodej;21.09.2025;21ZARMEGAF
SLEVA 35 % NA PRODUKTY OZNAČENÉ ŠTÍTKEM First minute;20.09.2025;20ZARIFMF
OBŘÍ SLEVA 62 % NA PRODUKTY OZNAČENÉ ŠTÍTKEM Megavýprodej;19.09.2025;19ZARMEGAF
SLEVA 30 % NA VŠE SKLADEM;18.09.2025;18ZARI30F
OBŘÍ SLEVA 73 % NA PRODUKTY OZNAČENÉ ŠTÍTKEM Megavýprodej;17.09.2025;17ZARMEGAF
SLEVA 35 % NA PRODUKTY OZNAČENÉ ŠTÍTKEM Novinka;16.09.2025;16ZARNOVF
OBŘÍ SLEVA 62 % NA PRODUKTY OZNAČENÉ ŠTÍTKEM Megavýprodej;15.09.2025;15ZARMEGAF
SLEVA 35 % NA PRODUKTY OZNAČENÉ ŠTÍTKEM First minute;14.09.2025;14ZARFMF
OBŘÍ SLEVA 73 % NA PRODUKTY OZNAČENÉ ŠTÍTKEM Megavýprodej;13.09.2025;13ZARMEGAF
SLEVA 44 % NA PRODUKTY OZNAČENÉ ŠTÍTKEM O třetinu levnější;12.09.2025;12ZAR44F
OBŘÍ SLEVA 62 % NA PRODUKTY OZNAČENÉ ŠTÍTKEM Megavýprodej;11.09.2025;11ZARMEGAF
SLEVA 30 % NA VŠE SKLADEM;10.09.2025;10ZARI30F
SLEVA 35 % NA PRODUKTY OZNAČENÉ ŠTÍTKEM Novinka;08.09.2025;8ZARNOVF
OBŘÍ SLEVA 73 % NA PRODUKTY OZNAČENÉ ŠTÍTKEM Megavýprodej;09.09.2025;9ZARMEGAF
OBŘÍ SLEVA 62 % NA PRODUKTY OZNAČENÉ ŠTÍTKEM Megavýprodej;07.09.2025;7ZARMEGAF
SLEVA 35 % NA PRODUKTY OZNAČENÉ ŠTÍTKEM First minute;06.09.2025;6ZARFMF
OBŘÍ SLEVA 73 % NA PRODUKTY OZNAČENÉ ŠTÍTKEM Megavýprodej;05.09.2025;5ZARMEGAF
SLEVA 30 % NA VŠE SKLADEM;04.09.2025;4ZAR30F
OBŘÍ SLEVA 62 % NA PRODUKTY OZNAČENÉ ŠTÍTKEM Megavýprodej;03.09.2025;3ZARMEGAF
SLEVA 35 % NA PRODUKTY OZNAČENÉ ŠTÍTKEM Novinka;02.09.2025;2ZARNOVF
OBŘÍ SLEVA 73 % NA PRODUKTY OZNAČENÉ ŠTÍTKEM Megavýprodej;01.09.2025;1ZARMEGAF
SLEVA 35 % NA PRODUKTY OZNAČENÉ ŠTÍTKEM First minute;31.08.2025;31SPNFMF
OBŘÍ SLEVA 62 % NA PRODUKTY OZNAČENÉ ŠTÍTKEM Megavýprodej;30.08.2025;30SPNMEGAF
SLEVA 44 % NA PRODUKTY OZNAČENÉ ŠTÍTKEM O třetinu levnější;29.08.2025;29SPN44F
SLEVA 30 % NA VŠE SKLADEM;27.08.2025;27SPN30F
OBŘÍ SLEVA 73 % NA PRODUKTY OZNAČENÉ ŠTÍTKEM Megavýprodej;28.08.2025;28SPNMEGAF
OBŘÍ SLEVA 62 % NA PRODUKTY OZNAČENÉ ŠTÍTKEM Megavýprodej;26.08.2025;26SPNMEGAF
SLEVA 35 % NA PRODUKTY OZNAČENÉ ŠTÍTKEM Novinka;25.08.2025;25SPNOVF
SLEVA 35 % NA PRODUKTY OZNAČENÉ ŠTÍTKEM First minute;23.08.2025;23SPNFMF
OBŘÍ SLEVA 73 % NA PRODUKTY OZNAČENÉ ŠTÍTKEM Megavýprodej;24.08.2025;24SPNMEGAF
OBŘÍ SLEVA 62 % NA PRODUKTY OZNAČENÉ ŠTÍTKEM Megavýprodej;22.08.2025;22SPNMEGAF
OBŘÍ SLEVA 73 % NA PRODUKTY OZNAČENÉ ŠTÍTKEM Megavýprodej;20.08.2025;20SPNMEGAF
OBŘÍ SLEVA 62 % NA PRODUKTY OZNAČENÉ ŠTÍTKEM Megavýprodej;18.08.2025;18SPNMEGAF
SLEVA 35 % NA PRODUKTY OZNAČENÉ ŠTÍTKEM Novinka;19.08.2025;19SPNOVF
SLEVA 35 % NA PRODUKTY OZNAČENÉ ŠTÍTKEM First minute;17.08.2025;17SPNFMF
OBŘÍ SLEVA 73 % NA PRODUKTY OZNAČENÉ ŠTÍTKEM Megavýprodej;16.08.2025;16SPNMEGAF
SLEVA 44 % NA PRODUKTY OZNAČENÉ ŠTÍTKEM O třetinu levnější;15.08.2025;15SPN44F
OBŘÍ SLEVA 62 % NA PRODUKTY OZNAČENÉ ŠTÍTKEM Megavýprodej;14.08.2025;14SPNMEGAF
SLEVA 30 % NA VŠE SKLADEM;13.08.2025;13SPN30F
OBŘÍ SLEVA 73 % NA PRODUKTY OZNAČENÉ ŠTÍTKEM Megavýprodej;12.08.2025;12SPNMEGAF
SLEVA 35 % NA PRODUKTY OZNAČENÉ ŠTÍTKEM First minute;11.08.2025;11SPNFMF
OBŘÍ SLEVA 62 % NA PRODUKTY OZNAČENÉ ŠTÍTKEM Megavýprodej;10.08.2025;10SPNMEGAF
SLEVA 35 % NA PRODUKTY OZNAČENÉ ŠTÍTKEM Novinka;09.08.2025;9SPNNOVF
OBŘÍ SLEVA 73 % NA PRODUKTY OZNAČENÉ ŠTÍTKEM Megavýprodej;08.08.2025;8SPNMEGAF
SLEVA 30 % NA VŠE SKLADEM;07.08.2025;7SRPN30F
OBŘÍ SLEVA 62 % NA PRODUKTY OZNAČENÉ ŠTÍTKEM Megavýprodej;06.08.2025;6SPNMEGAF
SLEVA 35 % NA PRODUKTY OZNAČENÉ ŠTÍTKEM First minute;05.08.2025;5SPNFMF
OBŘÍ SLEVA 73 % NA PRODUKTY OZNAČENÉ ŠTÍTKEM Megavýprodej;04.08.2025;4SPNMEGAF
SLEVA 35 % NA PRODUKTY OZNAČENÉ ŠTÍTKEM Novinka;03.08.2025;3SRPNOVF
OBŘÍ SLEVA 62 % NA PRODUKTY OZNAČENÉ ŠTÍTKEM Megavýprodej;02.08.2025;2SPNMEGAF
SLEVA 44 % NA PRODUKTY OZNAČENÉ ŠTÍTKEM O třetinu levnější;01.08.2025;1SPN44F
OBŘÍ SLEVA 73 % NA PRODUKTY OZNAČENÉ ŠTÍTKEM Megavýprodej;31.07.2025;31CCMEGAF
SLEVA 30 % NA VŠE SKLADEM;30.07.2025;30CRV30F
OBŘÍ SLEVA 62 % NA PRODUKTY OZNAČENÉ ŠTÍTKEM Megavýprodej;29.07.2025;29CCMEGAF
SLEVA 35 % NA PRODUKTY OZNAČENÉ ŠTÍTKEM First minute;28.07.2025;28CVCFMF
OBŘÍ SLEVA 73 % NA PRODUKTY OZNAČENÉ ŠTÍTKEM Megavýprodej;27.07.2025;27CCMEGAF
SLEVA 35 % NA PRODUKTY OZNAČENÉ ŠTÍTKEM Novinka;26.07.2025;26CVCNOVF
OBŘÍ SLEVA 62 % NA PRODUKTY OZNAČENÉ ŠTÍTKEM Megavýprodej;25.07.2025;25CCMEGAF
SLEVA 30 % NA VŠE SKLADEM;24.07.2025;24CVC30F
OBŘÍ SLEVA 73 % NA PRODUKTY OZNAČENÉ ŠTÍTKEM Megavýprodej;23.07.2025;23CCMEGAF
SLEVA 35 % NA PRODUKTY OZNAČENÉ ŠTÍTKEM First minute;22.07.2025;22CVCFMF
OBŘÍ SLEVA 62 % NA PRODUKTY OZNAČENÉ ŠTÍTKEM Megavýprodej;21.07.2025;21CVCMEGAF
SLEVA 35 % NA PRODUKTY OZNAČENÉ ŠTÍTKEM Novinka;20.07.2025;20CCNOVF
OBŘÍ SLEVA 73 % NA PRODUKTY OZNAČENÉ ŠTÍTKEM Megavýprodej;19.07.2025;19CRVMEGAF
SLEVA 44 % NA PRODUKTY OZNAČENÉ ŠTÍTKEM O třetinu levnější;18.07.2025;18CRV44F
OBŘÍ SLEVA 62 % NA PRODUKTY OZNAČENÉ ŠTÍTKEM Megavýprodej;17.07.2025;17CVCMEGAF
SLEVA 30 % NA VŠE SKLADEM;16.07.2025;16CVC30F
OBŘÍ SLEVA 73 % NA PRODUKTY OZNAČENÉ ŠTÍTKEM Megavýprodej;15.07.2025;15CVCMEGAF
SLEVA 35 % NA PRODUKTY OZNAČENÉ ŠTÍTKEM First minute;14.07.2025;14CVNFMF
OBŘÍ SLEVA 62 % NA PRODUKTY OZNAČENÉ ŠTÍTKEM Megavýprodej;13.07.2025;13CRVMEGAF
SLEVA 35 % NA PRODUKTY OZNAČENÉ ŠTÍTKEM Novinka;12.07.2025;12CVCNOVF
OBŘÍ SLEVA 73 % NA PRODUKTY OZNAČENÉ ŠTÍTKEM Megavýprodej;11.07.2025;11CVCMEGAF
SLEVA 30 % NA VŠE SKLADEM;10.07.2025;10CVC30F
OBŘÍ SLEVA 62 % NA PRODUKTY OZNAČENÉ ŠTÍTKEM Megavýprodej;09.07.2025;9CVCMEGAF
SLEVA 35 % NA PRODUKTY OZNAČENÉ ŠTÍTKEM First minute;08.07.2025;8CVCFMF
OBŘÍ SLEVA 73 % NA PRODUKTY OZNAČENÉ ŠTÍTKEM Megavýprodej;07.07.2025;7CVCMEGAF
SLEVA 35 % NA PRODUKTY OZNAČENÉ ŠTÍTKEM Novinka;06.07.2025;6CVCNOVF
OBŘÍ SLEVA 62 % NA PRODUKTY OZNAČENÉ ŠTÍTKEM Megavýprodej;05.07.2025;5CVCMEGAF
SLEVA 44 % NA PRODUKTY OZNAČENÉ ŠTÍTKEM O třetinu levnější;04.07.2025;4CVC44F
OBŘÍ SLEVA 73 % NA PRODUKTY OZNAČENÉ ŠTÍTKEM Megavýprodej;03.07.2025;3CVCMEGAF
SLEVA 30 % NA VŠE SKLADEM;02.07.2025;2CVC30F
OBŘÍ SLEVA 62 % NA PRODUKTY OZNAČENÉ ŠTÍTKEM Megavýprodej;01.07.2025;1CVNMEGAF
SLEVA 35 % NA PRODUKTY OZNAČENÉ ŠTÍTKEM First minute;30.06.2025;30CERFMF
OBŘÍ SLEVA 73 % NA PRODUKTY OZNAČENÉ ŠTÍTKEM Megavýprodej;29.06.2025;29CERMEGAF
SLEVA 35 % NA PRODUKTY OZNAČENÉ ŠTÍTKEM Novinka;28.06.2025;28CENOVF
OBŘÍ SLEVA 62 % NA PRODUKTY OZNAČENÉ ŠTÍTKEM Megavýprodej;27.06.2025;27CERMEGAF
SLEVA 30 % NA VŠE SKLADEM;26.06.2025;26CERV30F
OBŘÍ SLEVA 73 % NA PRODUKTY OZNAČENÉ ŠTÍTKEM Megavýprodej;25.06.2025;25CERMEGAF
SLEVA 35 % NA PRODUKTY OZNAČENÉ ŠTÍTKEM First minute;24.06.2025;24CERFMF
OBŘÍ SLEVA 62 % NA PRODUKTY OZNAČENÉ ŠTÍTKEM Megavýprodej;23.06.2025;23CERMEGAF
SLEVA 35 % NA PRODUKTY OZNAČENÉ ŠTÍTKEM Novinka;22.06.2025;22CERNOVF
OBŘÍ SLEVA 73 % NA PRODUKTY OZNAČENÉ ŠTÍTKEM Megavýprodej;21.06.2025;21CERMEGAF
SLEVA 33 % NA PRODUKTY OZNAČENÉ ŠTÍTKEM O třetinu levnější;20.06.2025;20CER33F
OBŘÍ SLEVA 62 % NA PRODUKTY OZNAČENÉ ŠTÍTKEM Megavýprodej;19.05.2025;19CERMEGAF
SLEVA 30 % NA VŠE SKLADEM;18.06.2025;18CER30F
OBŘÍ SLEVA 73 % NA PRODUKTY OZNAČENÉ ŠTÍTKEM Megavýprodej;17.06.2025;17CERMEGAF
SLEVA 35 % NA PRODUKTY OZNAČENÉ ŠTÍTKEM First minute;16.06.2025;16CERFMF
OBŘÍ SLEVA 62 % NA PRODUKTY OZNAČENÉ ŠTÍTKEM Megavýprodej;15.06.2025;OTECMEGAF
SLEVA 35 % NA PRODUKTY OZNAČENÉ ŠTÍTKEM Novinka;14.06.2025;14CERNOVF
OBŘÍ SLEVA 73 % NA PRODUKTY OZNAČENÉ ŠTÍTKEM Megavýprodej;13.06.2025;13CERMEGAF
SLEVA 30 % NA VŠE SKLADEM;12.06.2025;12CVN30F
OBŘÍ SLEVA 62 % NA PRODUKTY OZNAČENÉ ŠTÍTKEM Megavýprodej;11.06.2025;11CERMEGAF
SLEVA 33 % NA PRODUKTY OZNAČENÉ ŠTÍTKEM O třetinu levnější;10.06.2025;10CER33F
OBŘÍ SLEVA 85 % NA PRODUKTY OZNAČENÉ ŠTÍTKEM Megavýprodej;09.06.2025;9CERMEGAF
SLEVA 35 % NA PRODUKTY OZNAČENÉ ŠTÍTKEM First minute;08.06.2025;8CERVEFMF
OBŘÍ SLEVA 73 % NA PRODUKTY OZNAČENÉ ŠTÍTKEM Megavýprodej;07.06.2025;7CERMEGAF
SLEVA 35 % NA PRODUKTY OZNAČENÉ ŠTÍTKEM Novinka;06.06.2025;6CERNOVF
OBŘÍ SLEVA 62 % NA PRODUKTY OZNAČENÉ ŠTÍTKEM Megavýprodej;05.06.2025;5CERMEGAF
SLEVA 30 % NA VŠE SKLADEM;04.06.2025;4CERV30F
OBŘÍ SLEVA 73 % NA PRODUKTY OZNAČENÉ ŠTÍTKEM Megavýprodej;03.06.2025;3CERMEGAF
SLEVA 35 % NA PRODUKTY OZNAČENÉ ŠTÍTKEM First minute;02.06.2025;2CERFMF
OBŘÍ SLEVA 62 % NA PRODUKTY OZNAČENÉ ŠTÍTKEM Megavýprodej;01.06.2025;DETIMEGAF
SLEVA 50 % NA PRODUKTY OZNAČENÉ ŠTÍTKEM Skoro za polovic;31.05.2025;31KVE50F
OBŘÍ SLEVA 85 % NA PRODUKTY OZNAČENÉ ŠTÍTKEM Megavýprodej;30.05.2025;30KVEMEGAF
SLEVA 30 % NA VŠE SKLADEM;29.05.2025;29KVET30F
OBŘÍ SLEVA 73 % NA PRODUKTY OZNAČENÉ ŠTÍTKEM Megavýprodej;28.05.2025;28KVEMEGAF
SLEVA 50 % NA PRODUKTY OZNAČENÉ ŠTÍTKEM Vše za 99 Kč;27.05.2025;27KVE50F
OBŘÍ SLEVA 62 % NA PRODUKTY OZNAČENÉ ŠTÍTKEM Megavýprodej;26.05.2025;26KVEMEGAF
SLEVA 35 % NA PRODUKTY OZNAČENÉ ŠTÍTKEM First minute;25.05.2025;25KVEFMF
OBŘÍ SLEVA 73 % NA PRODUKTY OZNAČENÉ ŠTÍTKEM Megavýprodej;24.05.2025;24KVEMEGAF
SLEVA 35 % NA PRODUKTY OZNAČENÉ ŠTÍTKEM Novinka;23.05.2025;23KVENOVF
OBŘÍ SLEVA 62 % NA PRODUKTY OZNAČENÉ ŠTÍTKEM Megavýprodej;22.05.2025;22KVEMEGAF
SLEVA 30 % NA VŠE SKLADEM;21.05.2025;21KVE30F
OBŘÍ SLEVA 85 % NA PRODUKTY OZNAČENÉ ŠTÍTKEM Megavýprodej;20.05.2025;20KVEMEGAF
SLEVA 35 % NA PRODUKTY OZNAČENÉ ŠTÍTKEM First minute;19.05.2025;19KVEFMF
OBŘÍ SLEVA 73 % NA PRODUKTY OZNAČENÉ ŠTÍTKEM Megavýprodej;18.05.2025;18KVEMEGAF
SLEVA 50 % NA PRODUKTY OZNAČENÉ ŠTÍTKEM Skoro za polovic;17.05.2025;17KVE50F
OBŘÍ SLEVA 62 % NA PRODUKTY OZNAČENÉ ŠTÍTKEM Megavýprodej;16.05.2025;16KVEMEGAF
SLEVA 30 % NA VŠE SKLADEM;15.05.2025;15KVE30F
OBŘÍ SLEVA 73 % NA PRODUKTY OZNAČENÉ ŠTÍTKEM Megavýprodej;14.05.2025;14KVEMEGAF
SLEVA 50 % NA PRODUKTY OZNAČENÉ ŠTÍTKEM Vše za 69 Kč;13.05.2025;13KVE50F
OBŘÍ SLEVA 62 % NA PRODUKTY OZNAČENÉ ŠTÍTKEM Megavýprodej;12.05.2025;12KVEMEGAF
SLEVA 35 % NA PRODUKTY OZNAČENÉ ŠTÍTKEM First minute;11.05.2025;DENMAMIF
OBŘÍ SLEVA 85 % NA PRODUKTY OZNAČENÉ ŠTÍTKEM Megavýprodej;10.05.2025;10KVEMEGAF
SLEVA 35 % NA PRODUKTY OZNAČENÉ ŠTÍTKEM Novinka;09.05.2025;9KVENOVF
OBŘÍ SLEVA 73 % NA PRODUKTY OZNAČENÉ ŠTÍTKEM Megavýprodej;08.05.2025;SVATMEGAF
SLEVA 30 % NA VŠE SKLADEM;07.05.2025;7KVET30F
OBŘÍ SLEVA 62 % NA PRODUKTY OZNAČENÉ ŠTÍTKEM Megavýprodej;06.05.2025;6KVMEGAF
SLEVA 35 % NA PRODUKTY OZNAČENÉ ŠTÍTKEM First minute;05.05.2025;5KVEFMF
OBŘÍ SLEVA 73 % NA PRODUKTY OZNAČENÉ ŠTÍTKEM Megavýprodej;04.05.2025;4KVMEGAF
SLEVA 50 % NA PRODUKTY OZNAČENÉ ŠTÍTKEM Skoro za polovic;03.05.2025;3KVET50F
OBŘÍ SLEVA 73 % NA PRODUKTY OZNAČENÉ ŠTÍTKEM Megavýprodej;02.05.2025;2KVMEGAF
SLEVA 30 % NA VŠE SKLADEM;01.05.2025;1MAJ30F
OBŘÍ SLEVA 62 % NA PRODUKTY OZNAČENÉ ŠTÍTKEM Megavýprodej;30.04.2025;CARMEGAF
SLEVA 35 % NA PRODUKTY OZNAČENÉ ŠTÍTKEM First minute;29.04.2025;29DUBFMF
OBŘÍ SLEVA 73 % NA PRODUKTY OZNAČENÉ ŠTÍTKEM Megavýprodej;28.04.2025;28DUBMEGAF
SLEVA 50 % NA PRODUKTY OZNAČENÉ ŠTÍTKEM Vše za 99 Kč;27.04.2025;27DUB50F
OBŘÍ SLEVA 85 % NA PRODUKTY OZNAČENÉ ŠTÍTKEM Megavýprodej;26.04.2025;26DUBMEGAF
SLEVA 35 % NA PRODUKTY OZNAČENÉ ŠTÍTKEM Novinka;25.04.2025;25DUNOVF
OBŘÍ SLEVA 73 % NA PRODUKTY OZNAČENÉ ŠTÍTKEM Megavýprodej;24.04.2025;24DUBMEGAF
SLEVA 30 % NA VŠE SKLADEM;23.04.2025;23DUB30F
OBŘÍ SLEVA 62 % NA PRODUKTY OZNAČENÉ ŠTÍTKEM Megavýprodej;22.04.2025;22DUBMEGAF
SLEVA 35 % NA PRODUKTY OZNAČENÉ ŠTÍTKEM First minute;21.04.2025;VELIKFMF
OBŘÍ SLEVA 73 % NA PRODUKTY OZNAČENÉ ŠTÍTKEM Megavýprodej;20.04.2025;VELIMEGAF
SLEVA 50 % NA PRODUKTY OZNAČENÉ ŠTÍTKEM Skoro za polovic;19.04.2025;19DUB50F
OBŘÍ SLEVA 62 % NA PRODUKTY OZNAČENÉ ŠTÍTKEM Megavýprodej;18.04.2025;18DUMEGAF
SLEVA 30 % NA VŠE SKLADEM;17.04.2025;17DUB30F
OBŘÍ SLEVA 85 % NA PRODUKTY OZNAČENÉ ŠTÍTKEM Megavýprodej;16.04.2025;16DUMEGAF
SLEVA 35 % NA PRODUKTY OZNAČENÉ ŠTÍTKEM First minute;15.04.2025;15DUBFMF
OBŘÍ SLEVA 73 % NA PRODUKTY OZNAČENÉ ŠTÍTKEM Megavýprodej;14.04.2025;14DUMEGAF
SLEVA 50 % NA PRODUKTY OZNAČENÉ ŠTÍTKEM Vše za 69 Kč;13.04.2025;13DUB50F
OBŘÍ SLEVA 62 % NA PRODUKTY OZNAČENÉ ŠTÍTKEM Megavýprodej;12.04.2025;12DUMEGAF
SLEVA 35 % NA PRODUKTY OZNAČENÉ ŠTÍTKEM Novinka;11.04.2025;11DUNOVF
OBŘÍ SLEVA 73 % NA PRODUKTY OZNAČENÉ ŠTÍTKEM Megavýprodej;10.04.2025;10DUBMEGAF
SLEVA 30 % NA VŠE SKLADEM;09.04.2025;9DUBE30F
OBŘÍ SLEVA 62 % NA PRODUKTY OZNAČENÉ ŠTÍTKEM Megavýprodej;08.04.2025;8DUMEGAF
SLEVA 35 % NA PRODUKTY OZNAČENÉ ŠTÍTKEM First minute;07.04.2025;7DUFMF
OBŘÍ SLEVA 85 % NA PRODUKTY OZNAČENÉ ŠTÍTKEM Megavýprodej;06.04.2025;6DUMEGAF
SLEVA 50 % NA PRODUKTY OZNAČENÉ ŠTÍTKEM Skoro za polovic;05.04.2025;5DUB50F
OBŘÍ SLEVA 73 % NA PRODUKTY OZNAČENÉ ŠTÍTKEM Megavýprodej;04.04.2025;4DUMEGAF
SLEVA 40 % NA PRODUKTY OZNAČENÉ ŠTÍTKEM Akce;Datum nenalezeno;AKCE40DOLU
SLEVA 30 % NA PRODUKTY OZNAČENÉ ŠTÍTKEM Novinka;21.03.2025;2DUBNOVF
OBŘÍ SLEVA 62 % NA PRODUKTY OZNAČENÉ ŠTÍTKEM Megavýprodej;01.04.2025;1APMEGAF
SLEVA 35 % NA PRODUKTY OZNAČENÉ ŠTÍTKEM First minute;31.03.2025;31BREFMF
OBŘÍ SLEVA 73 % NA PRODUKTY OZNAČENÉ ŠTÍTKEM Megavýprodej;30.03.2025;30BRMEGAF
SLEVA 50 % NA PRODUKTY OZNAČENÉ ŠTÍTKEM Vše za 99 Kč;29.03.2025;29BRE50F
OBŘÍ SLEVA 62 % NA PRODUKTY OZNAČENÉ ŠTÍTKEM Megavýprodej;28.03.2025;28BRMEGAF
SLEVA 30 % NA VŠE SKLADEM;27.03.2025;27BRE30F
OBŘÍ SLEVA 85 % NA PRODUKTY OZNAČENÉ ŠTÍTKEM Megavýprodej;26.03.2025;26BRMEGAF
SLEVA 35 % NA PRODUKTY OZNAČENÉ ŠTÍTKEM First minute;25.03.2025;25BREFMF
OBŘÍ SLEVA 73 % NA PRODUKTY OZNAČENÉ ŠTÍTKEM Megavýprodej;24.03.2025;24BRMEGAF
SLEVA 50 % NA PRODUKTY OZNAČENÉ ŠTÍTKEM Skoro za polovic;23.03.2025;23BRE50F
OBŘÍ SLEVA 62 % NA PRODUKTY OZNAČENÉ ŠTÍTKEM Megavýprodej;22.03.2025;22BRMEGAF
SLEVA 35 % NA PRODUKTY OZNAČENÉ ŠTÍTKEM Novinka;21.03.2025;21BRNOVF
OBŘÍ SLEVA 73 % NA PRODUKTY OZNAČENÉ ŠTÍTKEM Megavýprodej;20.03.2025;20BRMEGAF
SLEVA 30 % NA VŠE SKLADEM;19.03.2025;19BRE30F
OBŘÍ SLEVA 62 % NA PRODUKTY OZNAČENÉ ŠTÍTKEM Megavýprodej;18.03.2025;18BRMEGAF
SLEVA 35 % NA PRODUKTY OZNAČENÉ ŠTÍTKEM First minute;17.03.2025;17BREFMF
OBŘÍ SLEVA 85 % NA PRODUKTY OZNAČENÉ ŠTÍTKEM Megavýprodej;16.03.2025;16BRMEGAF
SLEVA 50 % NA PRODUKTY OZNAČENÉ ŠTÍTKEM Vše za 69 Kč;15.03.2025;15BRE50F
OBŘÍ SLEVA 73 % NA PRODUKTY OZNAČENÉ ŠTÍTKEM Megavýprodej;14.03.2025;14BRMEGAF
SLEVA 30 % NA VŠE SKLADEM;13.03.2025;13BREZ30F
OBŘÍ SLEVA 62 % NA PRODUKTY OZNAČENÉ ŠTÍTKEM Megavýprodej;12.03.2025;12BRMEGAF
SLEVA 35 % NA PRODUKTY OZNAČENÉ ŠTÍTKEM First minute;11.03.2025;11BREFMF
OBŘÍ SLEVA 73 % NA PRODUKTY OZNAČENÉ ŠTÍTKEM Megavýprodej;10.03.2025;10BRMEGAF
SLEVA 50 % NA PRODUKTY OZNAČENÉ ŠTÍTKEM Skoro za polovic;09.03.2025;9BREZ50F
OBŘÍ SLEVA 62 % NA PRODUKTY OZNAČENÉ ŠTÍTKEM Megavýprodej;08.03.2025;MDZMEGAF
SLEVA 35 % NA PRODUKTY OZNAČENÉ ŠTÍTKEM Novinka;07.03.2025;7BRZNOVF
OBŘÍ SLEVA 85 % NA PRODUKTY OZNAČENÉ ŠTÍTKEM Megavýprodej;06.03.2025;6BRMEGAF
SLEVA 30 % NA VŠE SKLADEM;05.03.2025;5BRE30F
OBŘÍ SLEVA 73 % NA PRODUKTY OZNAČENÉ ŠTÍTKEM Megavýprodej;04.03.2025;4BRMEGAF
SLEVA 35 % NA PRODUKTY OZNAČENÉ ŠTÍTKEM First minute;03.03.2025;3BREZFMF
OBŘÍ SLEVA 62 % NA PRODUKTY OZNAČENÉ ŠTÍTKEM Megavýprodej;02.03.2025;2BRMEGAF
SLEVA 50 % NA PRODUKTY OZNAČENÉ ŠTÍTKEM Vše za 99 Kč;01.03.2025;1BREZ50F
OBŘÍ SLEVA 73 % NA PRODUKTY OZNAČENÉ ŠTÍTKEM Megavýprodej;28.02.2025;28UNOMEGAF
SLEVA 30 % NA VŠE SKLADEM;27.02.2025;27UNO30F
OBŘÍ SLEVA 62 % NA PRODUKTY OZNAČENÉ ŠTÍTKEM Megavýprodej;26.02.2025;26UNOMEGAF
SLEVA 35 % NA PRODUKTY OZNAČENÉ ŠTÍTKEM First minute;25.02.2025;25UNOFMF
OBŘÍ SLEVA 85 % NA PRODUKTY OZNAČENÉ ŠTÍTKEM Megavýprodej;24.02.2025;24UNOMEGAF
SLEVA 50 % NA PRODUKTY OZNAČENÉ ŠTÍTKEM Skoro za polovic;23.02.2025;23UNO50F
OBŘÍ SLEVA 73 % NA PRODUKTY OZNAČENÉ ŠTÍTKEM Megavýprodej;22.02.2025;22UNMEGAF
SLEVA 35 % NA PRODUKTY OZNAČENÉ ŠTÍTKEM Novinka;21.02.2025;21UNOVF
OBŘÍ SLEVA 62 % NA PRODUKTY OZNAČENÉ ŠTÍTKEM Megavýprodej;20.02.2025;20UNMEGAF
SLEVA 30 % NA VŠE SKLADEM;19.02.2025;19UNO30F
OBŘÍ SLEVA 73 % NA PRODUKTY OZNAČENÉ ŠTÍTKEM Megavýprodej;18.02.2025;18UNMEGAF
SLEVA 35 % NA PRODUKTY OZNAČENÉ ŠTÍTKEM First minute;17.02.2025;17UNO35F
OBŘÍ SLEVA 62 % NA PRODUKTY OZNAČENÉ ŠTÍTKEM Megavýprodej;16.02.2025;16UNMEGAF
SLEVA 50 % NA PRODUKTY OZNAČENÉ ŠTÍTKEM Vše za 69 Kč;15.02.2025;15UNO50F
OBŘÍ SLEVA 85 % NA PRODUKTY OZNAČENÉ ŠTÍTKEM Megavýprodej;14.02.2025;VALMEGAF
SLEVA 30 % NA VŠE SKLADEM;13.02.2025;13UNOR30F
OBŘÍ SLEVA 73 % NA PRODUKTY OZNAČENÉ ŠTÍTKEM Megavýprodej;12.02.2025;12UNOMEGAF
SLEVA 35 % NA PRODUKTY OZNAČENÉ ŠTÍTKEM First minute;11.02.2025;11UNOFMF
OBŘÍ SLEVA 62 % NA PRODUKTY OZNAČENÉ ŠTÍTKEM Megavýprodej;10.02.2025;10UNOMEGAF
SLEVA 50 % NA PRODUKTY OZNAČENÉ ŠTÍTKEM Skoro za polovic;09.02.2025;9UNO50F
OBŘÍ SLEVA 73 % NA PRODUKTY OZNAČENÉ ŠTÍTKEM Megavýprodej;08.02.2025;8UNMEGAF
SLEVA 35 % NA PRODUKTY OZNAČENÉ ŠTÍTKEM Novinka;07.02.2025;7UNNOVF
OBŘÍ SLEVA 62 % NA PRODUKTY OZNAČENÉ ŠTÍTKEM Megavýprodej;06.02.2025;6UNMEGAF
SLEVA 30 % NA VŠE SKLADEM;05.02.2025;5UNO30F
OBŘÍ SLEVA 85 % NA PRODUKTY OZNAČENÉ ŠTÍTKEM Megavýprodej;04.02.2025;4UNMEGAF
SLEVA 35 % NA PRODUKTY OZNAČENÉ ŠTÍTKEM First minute;03.02.2025;3UNOFMF
OBŘÍ SLEVA 73 % NA PRODUKTY OZNAČENÉ ŠTÍTKEM Megavýprodej;02.02.2025;2UNMEGAF
SLEVA 50 % NA PRODUKTY OZNAČENÉ ŠTÍTKEM Vše za 99 Kč;01.02.2025;1UNO50F
OBŘÍ SLEVA 62 % NA PRODUKTY OZNAČENÉ ŠTÍTKEM Megavýprodej;31.01.2025;31LDMEGAF
SLEVA 30 % NA VŠE SKLADEM;30.01.2025;30LED30F
OBŘÍ SLEVA 73 % NA PRODUKTY OZNAČENÉ ŠTÍTKEM Megavýprodej;29.01.2025;29LDMEGAF
SLEVA 35 % NA PRODUKTY OZNAČENÉ ŠTÍTKEM First minute;28.01.2025;28LEDFMF
OBŘÍ SLEVA 62 % NA PRODUKTY OZNAČENÉ ŠTÍTKEM Megavýprodej;27.01.2025;27LDMEGAF
SLEVA 50 % NA PRODUKTY OZNAČENÉ ŠTÍTKEM Skoro za polovic;26.01.2025;26LED50F
OBŘÍ SLEVA 85 % NA PRODUKTY OZNAČENÉ ŠTÍTKEM Megavýprodej;25.01.2025;25LDMEGAF
SLEVA 35 % NA PRODUKTY OZNAČENÉ ŠTÍTKEM Novinka;24.01.2025;24LDNOVF
OBŘÍ SLEVA 73 % NA PRODUKTY OZNAČENÉ ŠTÍTKEM Megavýprodej;23.01.2025;23LDMEGAF
SLEVA 30 % NA VŠE SKLADEM;22.01.2025;22LED30F
OBŘÍ SLEVA 62 % NA PRODUKTY OZNAČENÉ ŠTÍTKEM Megavýprodej;21.01.2025;21LDMEGAF
SLEVA 35 % NA PRODUKTY OZNAČENÉ ŠTÍTKEM First minute;20.01.2025;20LEDFMF
OBŘÍ SLEVA 73 % NA PRODUKTY OZNAČENÉ ŠTÍTKEM Megavýprodej;19.01.2025;19LDMEGAF
SLEVA 50 % NA PRODUKTY OZNAČENÉ ŠTÍTKEM Vše za 69 Kč;18.01.2025;18LED50F
OBŘÍ SLEVA 62 % NA PRODUKTY OZNAČENÉ ŠTÍTKEM Megavýprodej;17.01.2025;17LDMEGAF
SLEVA 30 % NA VŠE SKLADEM;16.01.2025;16LED30F
OBŘÍ SLEVA 85 % NA PRODUKTY OZNAČENÉ ŠTÍTKEM Megavýprodej;15.01.2025;15LDMEGAF
SLEVA 35 % NA PRODUKTY OZNAČENÉ ŠTÍTKEM First minute;14.01.2025;14LEDFMF
OBŘÍ SLEVA 73 % NA PRODUKTY OZNAČENÉ ŠTÍTKEM Megavýprodej;13.01.2025;13LDMEGAF
SLEVA 50 % NA PRODUKTY OZNAČENÉ ŠTÍTKEM Skoro za polovic;12.01.2025;12LED50F
OBŘÍ SLEVA 62 % NA PRODUKTY OZNAČENÉ ŠTÍTKEM Megavýprodej;11.01.2025;11LDMEGAF
SLEVA 35 % NA PRODUKTY OZNAČENÉ ŠTÍTKEM Novinka;10.01.2025;10LDNOVF
OBŘÍ SLEVA 73 % NA PRODUKTY OZNAČENÉ ŠTÍTKEM Megavýprodej;09.01.2025;9LDMEGAF
SLEVA 30 % NA VŠE SKLADEM;08.01.2025;8LDN30F
OBŘÍ SLEVA 62 % NA PRODUKTY OZNAČENÉ ŠTÍTKEM Megavýprodej;07.01.2025;7LEDMEGAF
SLEVA 35 % NA PRODUKTY OZNAČENÉ ŠTÍTKEM First minute;06.01.2025;3KRALFMF
OBŘÍ SLEVA 85 % NA PRODUKTY OZNAČENÉ ŠTÍTKEM Megavýprodej;05.01.2025;5LEMEGAF
SLEVA 50 % NA PRODUKTY OZNAČENÉ ŠTÍTKEM Vše za 99 Kč;04.01.2025;4LEDN99F
OBŘÍ SLEVA 73 % NA PRODUKTY OZNAČENÉ ŠTÍTKEM Megavýprodej;03.01.2025;3LEMEGAF
OBŘÍ SLEVA 62 % NA PRODUKTY OZNAČENÉ ŠTÍTKEM Megavýprodej;01.01.2025;NOVYROKMF
SLEVA 50 % NA PRODUKTY OZNAČENÉ ŠTÍTKEM Skoro za polovic;02.01.2025;2LEDN50F
;;
;;
